{"cameraMode":{"drawMode":0,"name":"Shaded","section":"Shading Mode"},"sceneLighting":false,"audioPlay":false,"sceneViewState":{"showFog":true,"showMaterialUpdate":true,"showSkybox":false,"showFlares":true,"showImageEffects":true,"showParticleSystems":true},"in2DMode":false,"pivot":{"x":-1.1920928955078126e-7,"y":2.411807060241699,"z":1.3821977376937867},"rotation":{"x":0.05327668786048889,"y":0.909264862537384,"z":-0.12233702093362808,"w":0.39476874470710757},"size":14.875284194946289,"orthographic":false}