{"cameraMode":{"drawMode":0,"name":"Shaded","section":"Shading Mode"},"sceneLighting":true,"audioPlay":false,"sceneViewState":{"showFog":true,"showMaterialUpdate":true,"showSkybox":true,"showFlares":true,"showImageEffects":true,"showParticleSystems":true},"in2DMode":false,"pivot":{"x":1.2836568355560303,"y":-11.222588539123536,"z":-8.841090202331543},"rotation":{"x":0.3905816674232483,"y":-0.2164144366979599,"z":0.09434051811695099,"w":0.8900057077407837},"size":100.23728942871094,"orthographic":false}