{"cameraMode":{"drawMode":0,"name":"Shaded","section":"Shading Mode"},"sceneLighting":true,"audioPlay":false,"sceneViewState":{"showFog":true,"showMaterialUpdate":true,"showSkybox":true,"showFlares":true,"showImageEffects":true,"showParticleSystems":true},"in2DMode":false,"pivot":{"x":532.7133178710938,"y":138.85479736328126,"z":6.222670078277588},"rotation":{"x":-0.07791348546743393,"y":-0.021115869283676149,"z":0.0022992934100329878,"w":-0.9969324469566345},"size":1117.0106201171875,"orthographic":false}