{"cameraMode":{"drawMode":0,"name":"Shaded","section":"Shading Mode"},"sceneLighting":true,"audioPlay":false,"sceneViewState":{"showFog":true,"showMaterialUpdate":true,"showSkybox":false,"showFlares":true,"showImageEffects":true,"showParticleSystems":true},"in2DMode":false,"pivot":{"x":0.029999971389770509,"y":2.712078094482422,"z":1.3821977376937867},"rotation":{"x":0.0823579803109169,"y":0.9118724465370178,"z":-0.22490300238132478,"w":0.33399486541748049},"size":15.793898582458496,"orthographic":false}