{"cameraMode":{"drawMode":0,"name":"Shaded","section":"Shading Mode"},"sceneLighting":false,"audioPlay":false,"sceneViewState":{"showFog":true,"showMaterialUpdate":true,"showSkybox":false,"showFlares":true,"showImageEffects":true,"showParticleSystems":true},"in2DMode":false,"pivot":{"x":0.6192740201950073,"y":0.7310612201690674,"z":-14.103747367858887},"rotation":{"x":-0.04465929791331291,"y":-0.9480572938919067,"z":0.16212716698646546,"w":-0.2710298001766205},"size":6.32711935043335,"orthographic":false}